{
  "states": [
    "AL",
    "AK",
    "AZ",
    "AR",
    "CA",
    "CO",
    "CT",
    "DE",
    "DC",
    "FL",
    "GA",
    "HI",
    "ID",
    "IL",
    "IN",
    "IA",
    "KS",
    "KY",
    "LA",
    "ME",
    "MD",
    "MA",
    "MI",
    "MN",
    "MS",
    "MO",
    "MT",
    "NE",
    "NV",
    "NH",
    "NJ",
    "NM",
    "NY",
    "NC",
    "ND",
    "OH",
    "OK",
    "OR",
    "PA",
    "RI",
    "SC",
    "SD",
    "TN",
    "TX",
    "UT",
    "VT",
    "VA",
    "WA",
    "WV",
    "WI",
    "WY"
  ],
  "no_tax": [
    "AK",
    "FL",
    "NV",
    "SD",
    "TN",
    "TX",
    "WA",
    "WY",
    "NH"
  ],
  "flat_rates": {
    "CO": 0.044,
    "IL": 0.0495,
    "IN": 0.0315,
    "KY": 0.04,
    "MA": 0.05,
    "MI": 0.0425,
    "NC": 0.045,
    "PA": 0.0307,
    "UT": 0.0465
  },
  "progressive": {
    "NJ": {
      "single": [
        [
          0,
          0.014
        ],
        [
          20000,
          0.0175
        ],
        [
          35000,
          0.035
        ],
        [
          40000,
          0.05525
        ],
        [
          75000,
          0.0637
        ],
        [
          500000,
          0.0897
        ],
        [
          1000000,
          0.1075
        ]
      ],
      "married_joint": [
        [
          0,
          0.014
        ],
        [
          20000,
          0.0175
        ],
        [
          50000,
          0.0245
        ],
        [
          70000,
          0.035
        ],
        [
          80000,
          0.05525
        ],
        [
          150000,
          0.0637
        ],
        [
          500000,
          0.0897
        ],
        [
          1000000,
          0.1075
        ]
      ],
      "head_of_household": [
        [
          0,
          0.014
        ],
        [
          20000,
          0.0175
        ],
        [
          35000,
          0.035
        ],
        [
          40000,
          0.05525
        ],
        [
          75000,
          0.0637
        ],
        [
          500000,
          0.0897
        ],
        [
          1000000,
          0.1075
        ]
      ]
    },
    "NY": {
      "single": [
        [
          0,
          0.04
        ],
        [
          8500,
          0.045
        ],
        [
          11700,
          0.0525
        ],
        [
          13900,
          0.0585
        ],
        [
          80650,
          0.0625
        ],
        [
          215400,
          0.0685
        ],
        [
          1077550,
          0.0965
        ],
        [
          5000000,
          0.103
        ],
        [
          25000000,
          0.109
        ]
      ],
      "married_joint": [
        [
          0,
          0.04
        ],
        [
          17150,
          0.045
        ],
        [
          23600,
          0.0525
        ],
        [
          27900,
          0.0585
        ],
        [
          161550,
          0.0625
        ],
        [
          323200,
          0.0685
        ],
        [
          2155350,
          0.0965
        ],
        [
          5000000,
          0.103
        ],
        [
          25000000,
          0.109
        ]
      ],
      "head_of_household": [
        [
          0,
          0.04
        ],
        [
          12800,
          0.045
        ],
        [
          17650,
          0.0525
        ],
        [
          20900,
          0.0585
        ],
        [
          107650,
          0.0625
        ],
        [
          269300,
          0.0685
        ],
        [
          1616450,
          0.0965
        ],
        [
          5000000,
          0.103
        ],
        [
          25000000,
          0.109
        ]
      ]
    },
    "OR": {
      "single": [
        [
          0,
          0.0475
        ],
        [
          4200,
          0.0675
        ],
        [
          10500,
          0.0875
        ],
        [
          125000,
          0.099
        ]
      ],
      "married_joint": [
        [
          0,
          0.0475
        ],
        [
          8400,
          0.0675
        ],
        [
          21000,
          0.0875
        ],
        [
          250000,
          0.099
        ]
      ],
      "head_of_household": [
        [
          0,
          0.0475
        ],
        [
          4200,
          0.0675
        ],
        [
          10500,
          0.0875
        ],
        [
          125000,
          0.099
        ]
      ]
    },
    "CA": {
      "single": [
        [
          0,
          0.01
        ],
        [
          10412,
          0.02
        ],
        [
          24684,
          0.04
        ],
        [
          38959,
          0.06
        ],
        [
          54081,
          0.08
        ],
        [
          68350,
          0.093
        ],
        [
          349137,
          0.103
        ],
        [
          418961,
          0.113
        ],
        [
          1000000,
          0.123
        ]
      ],
      "married_joint": [
        [
          0,
          0.01
        ],
        [
          20824,
          0.02
        ],
        [
          49368,
          0.04
        ],
        [
          77918,
          0.06
        ],
        [
          108162,
          0.08
        ],
        [
          136700,
          0.093
        ],
        [
          698274,
          0.103
        ],
        [
          837922,
          0.113
        ],
        [
          1000000,
          0.123
        ]
      ],
      "head_of_household": [
        [
          0,
          0.01
        ],
        [
          20830,
          0.02
        ],
        [
          33820,
          0.04
        ],
        [
          48095,
          0.06
        ],
        [
          63217,
          0.08
        ],
        [
          77486,
          0.093
        ],
        [
          407360,
          0.103
        ],
        [
          488796,
          0.113
        ],
        [
          1000000,
          0.123
        ]
      ]
    }
  },
  "federal": {
    "single": [
      [
        0,
        0.1
      ],
      [
        11600,
        0.12
      ],
      [
        47150,
        0.22
      ],
      [
        100525,
        0.24
      ],
      [
        191950,
        0.32
      ],
      [
        243725,
        0.35
      ],
      [
        609350,
        0.37
      ]
    ],
    "married_joint": [
      [
        0,
        0.1
      ],
      [
        23200,
        0.12
      ],
      [
        94300,
        0.22
      ],
      [
        201050,
        0.24
      ],
      [
        383900,
        0.32
      ],
      [
        487450,
        0.35
      ],
      [
        731200,
        0.37
      ]
    ],
    "head_of_household": [
      [
        0,
        0.1
      ],
      [
        16550,
        0.12
      ],
      [
        63100,
        0.22
      ],
      [
        100500,
        0.24
      ],
      [
        191950,
        0.32
      ],
      [
        243700,
        0.35
      ],
      [
        609350,
        0.37
      ]
    ]
  },
  "standard_deduction": {
    "single": 14600,
    "married_joint": 29200,
    "head_of_household": 21900
  },
  "metadata": {
    "notes": "Brackets expressed as [min_income, rate]. Values are approximate for 2024; verify for updates.",
    "updated_at": "2025-09-01"
  }
}